{
  "ThemeAPI": 2,
  "InitUI": {
    "BackgroundImage": {
      "Path": "theme/startupui.png",
      "Online": false
    },
    "SynapseLogoImage": {
      "Path": "theme/startuplogo.png",
      "BackgroundTransparent": true,
      "Online": false
    },
    "Background": {
      "R": 35,
      "G": 35,
      "B": 35
    },
    "Loading": {
      "Font": {
        "Name": "Georgia Italic",
        "Size": 10.5
      },
      "TextColor": {
        "R": 255,
        "G": 255,
        "B": 255
      }
    },
    "LoadingStrings": [
      "< Downloading Updates >",
      "< Boot Failure (A) >",
      "< Boot Failure (B) >",
      "< Locating Data . . . >",
      "< Locate the new download on our website >",
      "< Rose has not updated yet, try later. >",
      "< Downloading Rose. . . >",
      "< Verifying Rose. . . >",
      "< Failed to verify installation. Retry later. >",
      "< Preparing . . . >",
      "< Boot Failure (C) >",
      "< Ready! >"
    ]
  },
  "MainUI": {
    "BackgroundImage": {
      "Path": "theme/mainui.png",
      "Online": false
    },
    "SynapseLogoImage": {
      "Path": "theme/mainlogo.png",
      "Online": false
    },
    "Background": {
      "R": 35,
      "G": 35,
      "B": 35
    },
     "TopBox": {
      "Enabled": false,
      "BackgroundTransparent": false,
      "BackColor": {
        "R": 40,
        "G": 40,
        "B": 40
      }
 },
    "Version": {
      "Font": {
        "Name": "Georgia Italic",
        "Size": 7
      },
      "TextColor": {
        "R": 155,
        "G": 155,
        "B": 155
      }
    },
    "VersionStrings": [
      " - No ROBLOX process exists!",
      " - Rose whitelist check",
      " - Failed start-check!",
      " - Not updated! Check back later!",
      " - rose is not at its latest version",
      " - failed - rose has failed you",
      " - Whitelist failed! (B-1)",
      " - Whitelist failed! (B-2)",
      " - Whitelist failed! (A)",
      " - ready - rose loaded"
    ],
    "Editor": {
      "Font": {
        "Name": "Consolas",
        "Size": 16.75
      },
      "BackgroundTransparent": true,
      "BackgroundColor": {
        "R": 35,
        "G": 35,
        "B": 35
      },
      "PointerColor": {
        "R": 255,
        "G": 255,
        "B": 255
      }
    },
    "MinimizeButton": {
      "Background": {
        "R": 43,
        "G": 43,
        "B": 43
      },
      "TextColor": {
        "R": 204,
        "G": 38,
        "B": 38
      }
    },
    "CloseButton": {
      "Background": {
        "R": 43,
        "G": 43,
        "B": 43
      },
      "TextColor": {
        "R": 204,
        "G": 38,
        "B": 38
      }
    },
    "ScriptBox": {
      "Font": {
        "Name": "Source Sans Pro",
        "Size": 9.75
      },
      "BackgroundTransparent": false,
      "Background": {
        "R": 54,
        "G": 57,
        "B": 62
      },
      "TextColor": {
        "R": 255,
        "G": 255,
        "B": 255
      }
    },
    "ExecuteButton": {
      "Image": {
        "Path": "",
        "Online": false
      },
      "Text": "Execute",
      "BackgroundTransparent": false,
      "Font": {
        "Name": "Source Sans Pro Light",
        "Size": 12.0
      },
      "Background": {
        "R": 57,
        "G": 54,
        "B": 62
      },
      "TextColor": {
        "R": 255,
        "G": 255,
        "B": 255
      }
    },
    "ClearButton": {
      "Image": {
        "Path": "",
        "Online": false
      },
      "Text": "Clear",
      "BackgroundTransparent": false,
      "Font": {
        "Name": "Source Sans Pro Light",
        "Size": 12.0
      },
      "Background": {
        "R": 54,
        "G": 57,
        "B": 62
      },
      "TextColor": {
        "R": 255,
        "G": 255,
        "B": 255
      }
    },
    "OpenFileButton": {
      "Image": {
        "Path": "",
        "Online": false
      },
      "Text": "Open File",
      "BackgroundTransparent": false,
      "Font": {
        "Name": "Source Sans Pro Light",
        "Size": 12.0
      },
      "Background": {
        "R": 54,
        "G": 57,
        "B": 62
      },
      "TextColor": {
        "R": 255,
        "G": 255,
        "B": 255
      }
    },
    "AttachButton": {
      "Image": {
        "Path": "",
        "Online": false
      },
      "Text": "Attach",
      "BackgroundTransparent": false,
      "Font": {
        "Name": "Source Sans Pro Light",
        "Size": 12.0
      },
      "Background": {
        "R": 54,
        "G": 57,
        "B": 62
      },
      "TextColor": {
        "R": 255,
        "G": 255,
        "B": 255
      }
    },
    "ScriptHubButton": {
      "Image": {
        "Path": "",
        "Online": false
      },
      "Text": "Script Hub",
      "BackgroundTransparent": false,
      "Font": {
        "Name": "Source Sans Pro Light",
        "Size": 12.0
      },
      "Background": {
        "R": 57,
        "G": 54,
        "B": 62
      },
      "TextColor": {
        "R": 255,
        "G": 255,
        "B": 255
      }
    },
    "FullExecButton": {
      "Image": {
        "Path": "",
        "Online": false
      },
      "TextBefore": "Disable Full Exec",
      "TextAfter": "Enable Full Exec",
      "BackgroundTransparent": false,
      "Font": {
        "Name": "Source Sans Pro Light",
        "Size": 12.0
      },
      "Background": {
        "R": 54,
        "G": 57,
        "B": 62
      },
      "TextColor": {
        "R": 255,
        "G": 255,
        "B": 255
      }
    }
  },
  "ScriptHubUI": {
    "BackgroundImage": {
      "Path": "theme/scripthubui.png",
      "Online": false
    },
    "SynapseLogoImage": {
      "Path": "theme/mainlogo.png",
      "Online": false
    },
    "Background": {
      "R": 35,
      "G": 35,
      "B": 35
    },
     "TopBox": {
      "Enabled": false,
      "BackgroundTransparent": true,
      "BackColor": {
        "R": 40,
        "G": 40,
        "B": 40
      }
      },
 "Version": {
      "Font": {
        "Name": "Arial Regular",
        "Size": 0.1
      },
      "TextColor": {
        "R": 54,
        "G": 57,
        "B": 62
      }
    },
    "MinimizeButton": {
      "BackgroundTransparent": true,
      "Background": {
        "R": 43,
        "G": 43,
        "B": 43
      },
      "TextColor": {
        "R": 204,
        "G": 38,
        "B": 38
      }
    },
    "ScriptListBox": {
      "Font": {
        "Name": "Georgia Italic",
        "Size": 11.25
      },
      "BackgroundTransparent": false,
      "Background": {
        "R": 40,
        "G": 40,
        "B": 40
      },
      "TextColor": {
        "R": 255,
        "G": 255,
        "B": 255
      }
    },
    "DescriptionBox": {
      "Font": {
        "Name": "Arial Regular",
        "Size": 10.25
      },
      "BackgroundTransparent": true,
      "Background": {
        "R": 40,
        "G": 40,
        "B": 40
      },
      "TextColor": {
        "R": 209,
        "G": 38,
        "B": 38
      }
    },
    "RunScriptButton": {
      "Image": {
        "Path": "",
        "Online": false
      },
      "TextBefore": "Run Script",
      "TextAfter": "Ran Script!",
      "BackgroundTransparent": true,
      "Font": {
        "Name": "Georgia Italic",
        "Size": 12.0
      },
      "Background": {
        "R": 40,
        "G": 40,
        "B": 40
      },
      "TextColor": {
        "R": 1	,
        "G": 1,
        "B": 1
      }
    },
    "CloseButton": {
      "Image": {
        "Path": "",
        "Online": false
      },
      "Text": "Close",
      "BackgroundTransparent": true,
      "Font": {
        "Name": "Georgia Italic",
        "Size": 12.0
      },
      "BackgroundTransparent": true,
      "Background": {
        "R": 40,
        "G": 40,
        "B": 40
      },
      "TextColor": {
        "R": 1,
        "G": 1,
        "B": 1
      }
    }
  }
}